"","source","barrel","bullet","land","score_left_rollapply","score_right_rollapply","score_left_rlo","score_right_rlo","score_left_quadratic","score_right_quadratic"
"1","Barrel 4/Bullet 2/HS44 - Barrel 4; Bullet 2; Land 1 - Sneox1 - 20x - auto light left image +20 perc. - threshold 2 - resolution 4 - Allison Mark.dat","Barrel 4","Bullet 2","Land 1",2034.16815144646,214.447234712398,-0.330010247683149,-0.6151590612792,-0.330010247683149,-0.6151590612792
"2","Barrel 10/Bullet 1/HS44 - Barrel 10; Bullet 1; Land 3 - Sneox1 - 20x - auto light left image +20 perc. x10- threshold 2 - resolution 4 - Marco Yepez.dat","Barrel 10","Bullet 1","Land 3",56.4081952868384,1295.97240436742,1.22505786338671,-21.3217904840412,23.9136164249906,-9.7937495001988
"3","Barrel 2/Bullet 1/HS44 - Barrel 2 - Bullet 1 - Land 2 - Sneox2 - 20x - auto light left image +20 perc. - threshold 2 - resolution 4 - Connor Hergenreter.dat","Barrel 2","Bullet 1","Land 2",11.7903712246224,139.92288939339,6.8107938274091,-131.963219820962,63.0681284100183,139.92288939339
"4","Unknowns/Bullet 'G'/HS44 - Unknown; Bullet G; Land 1 - Sneox1 - 20x - auto light left image + 20 perc x10 - threshold 2 - resolution 4 - Connor Hergenreter.dat","Unknowns","Bullet 'G'","Land 1",28.9816476461531,0,14.2005854602961,2.13358397217621,142.247866107272,2.13358397217621
"5","Barrel 10/Bullet 2/HS44 - Barrel 10; Bullet 2; Land 5 - Sneox1 - 20x - auto light left image +20 perc. x10- threshold 2 - resolution 4 - Marco Yepez.dat","Barrel 10","Bullet 2","Land 5",34.7803060765873,119.506365234017,6.56114396088638,-0.33833161478772,24.8836261886411,9.2252331270601
"6","Barrel 6/Bullet 2/HS44 - Barrel 6 - Bullet 2 - Land 6 - Sneox1 - 20x - auto light left image +20 perc. & x10 - threshold 2 - resolution 4 - Allison Mark.dat","Barrel 6","Bullet 2","Land 6",53.6681397453486,2550.13210059493,3.15578523306531,3.33747893056902,63.0725688763886,562.343236774776
"7","Barrel 5/Bullet 2/HS44 - Barrel 5 - Bullet 2 - Land 2 - Sneox2 - 20x - auto light left image +20 perc. - threshold 2 - resolution 4 - Connor Hergenreter.dat","Barrel 5","Bullet 2","Land 2",13.4529499067731,18.1408405852493,23.8041674132468,-157.089365712381,17.2052316138324,12.4753866862084
"8","Unknowns/Bullet 'P'/HS44 - Unknown; Bullet P; Land 1 - Sneox1 - 20x - auto light left image + 20 perc x10 - threshold 2 - resolution 4 - Connor Hergenreter.dat","Unknowns","Bullet 'P'","Land 1",17.1476688613854,1027.02736217681,-107.086508744001,656.987481211173,-102.898978682101,673.481537555398
"9","Barrel 7/Bullet 1/HS44 - Barrel 7; Bullet 1; Land 1 - Sneox1 - 20x - auto light left image +20 perc. - threshold 2 - resolution 4 - Marco Yepez.dat","Barrel 7","Bullet 1","Land 1",3337.12544165277,0,233.519131357779,-1.39615164331629,19.2965830272321,-1.39615164331629
"10","Barrel 3/Bullet 1/HS44 - Barrel 3; Bullet 1; Land 5 - Sneox1 - 20x - auto light left image +20 perc. - threshold 2 - resolution 4 - Allison Mark.dat","Barrel 3","Bullet 1","Land 5",-562.773115133773,0,-578.013346215497,1.12378410815065,-562.773115133773,65.0538923558315
"11","Barrel 2/Bullet 2/HS44 - Barrel 2 - Bullet 2 - Land 3 - Sneox2 - 20x - auto light left image +20 perc. - threshold 2 - resolution 4 - Connor Hergenreter.dat","Barrel 2","Bullet 2","Land 3",72.4868573286914,-119.989964448387,11.8737212416149,-29.1601428542913,101.095687792853,-29.1601428542913
"12","Barrel 8/Bullet 1/HS44 - Barrel 8 - Bullet 1 - Land 4 - Sneox2 - 20x - auto light left image +20 perc. - threshold 2 - resolution 4 - Connor Hergenreter.dat","Barrel 8","Bullet 1","Land 4",30.3586064651277,406.477471450894,-148.682784829755,4.25822972616699,-142.878184610047,250.895206752789
"13","Barrel 1/Bullet 1/HS44 - Barrel 1 - Bullet 1 - Land 5 - Sneox2 - 20x - auto light left image +20 perc. - threshold 2 - resolution 4 - Connor Hergenreter.dat","Barrel 1","Bullet 1","Land 5",38.2160161371222,-20.642984514312,-0.656626749591434,-71.0929840707764,13.7167796953113,-52.2431007017247
"14","Unknowns/Bullet 'T'/HS44 - Unknown; Bullet T; Land 5 - Sneox1 - 20x - auto light left image + 20 perc x10 - threshold 2 - resolution 4 - Connor Hergenreter.dat","Unknowns","Bullet 'T'","Land 5",-71.0244897240712,0,-21.9535873048405,3.53177780174117,58.0012450866602,33.4614113659339
"15","Barrel 7/Bullet 2/HS44 - Barrel 7 - Bullet 2 - Land 2 -Sneox2 - 20x - auto light left image + 20 perc. - Threshold 2 - Resolution 4 - Connor Hergenreter.dat","Barrel 7","Bullet 2","Land 2",-127.482855117063,26.2637217047325,-50.6828783345133,-1.00926954351128,179.838411384555,26.2637217047325
"16","Barrel 4/Bullet 1/HS44 - Barrel 4; Bullet1; Land 3 - Sneox1 - 20x - auto light left image +20 perc. - threshold 2 - resolution 4 - Allison Mark.dat","Barrel 4","Bullet 1","Land 3",-47.7515966606398,97.9795690757068,-29.7669159184855,1.25645553995268,15.7356236584289,1.25645553995268
"17","Barrel 4/Bullet 1/HS44 - Barrel 4; Bullet1; Land 2 - Sneox1 - 20x - auto light left image +20 perc. - threshold 2 - resolution 4 - Allison Mark.dat","Barrel 4","Bullet 1","Land 2",3.05500314987893,-4.11089558036578,-0.621113009356187,-0.763627330853875,22.9532192194793,10.5915029446219
"18","Barrel 3/Bullet 2/HS44 - Barrel 3; Bullet 2; Land 5 - Sneox1 - 20x - auto light left image +20 perc. - threshold 2 - resolution 4 - Allison Mark.dat","Barrel 3","Bullet 2","Land 5",0.0724033576664329,51.5324088013711,-17.0854650181084,18.122903250406,63.1300495974719,80.6726175067008
"19","Unknowns/Bullet 'G'/HS44 - Unknown; Bullet G; Land 4 - Sneox1 - 20x - auto light left image + 20 perc x10 - threshold 2 - resolution 4 - Connor Hergenreter.dat","Unknowns","Bullet 'G'","Land 4",-591.829922128605,-203.699858279286,-195.215071767625,1.38751883424113,5224.76619218621,12185.2918838689
"20","Barrel 2/Bullet 1/HS44 - Barrel 2 - Bullet 1 - Land 3 - Sneox2 - 20x - auto light left image +20 perc. - threshold 2 - resolution 4 - Connor Hergenreter.dat","Barrel 2","Bullet 1","Land 3",-40.7140908352222,1812.20940416659,1.51426816288593,1146.34562641155,13.5374847136748,1151.91345790094
"21","Unknowns/Bullet 'X'/HS44 - Unknown; Bullet X; Land 2 - Sneox1 - 20x - auto light left image + 20 perc x10 - threshold 2 - resolution 4 - Marco Yepez.dat","Unknowns","Bullet 'X'","Land 2",-59.006722632005,612.963391126055,20.355156655182,131.868402716192,99.5388506076791,196.033682129532
"22","Barrel 1/Bullet 1/HS44 - Barrel 1 - Bullet 1 - Land 3 - Sneox2 - 20x - auto light left image +20 perc. - threshold 2 - resolution 4 - Connor Hergenreter.dat","Barrel 1","Bullet 1","Land 3",104.821732915378,-1462.89708425014,19.7902332029428,-1679.32930541159,119.489056730802,-1462.89708425014
"23","Barrel 8/Bullet 2/HS44 - Barrel 8 - Bullet 2 - Land 5 - Sneox2 - 20x - auto light left image +20 perc. - threshold 2 - resolution 4 - Connor Hergenreter.dat","Barrel 8","Bullet 2","Land 5",5.30345488335402,56.9165570307418,5.30345488335402,12.9401536372692,5.30345488335402,56.9165570307418
"24","Unknowns/Bullet 'Y'/HS44 - Unknown; Bullet Y; Land 5 - Sneox1 - 20x - auto light left image + 20 perc x10 - threshold 2 - resolution 4 - Marco Yepez.dat","Unknowns","Bullet 'Y'","Land 5",29.9853578165386,3295.09556286029,4.38118504217251,1.92750656353855,161.995500214335,13.348294195103
"25","Barrel 5/Bullet 1/HS44 - Barrel 5 - Bullet 1 - Land 2 - Sneox2 - 20x - auto light left image +20 perc. - threshold 2 - resolution 4 - Connor Hergenreter.dat","Barrel 5","Bullet 1","Land 2",-107.284690353237,149.876750287076,14.2569987350935,67.9774509797137,104.813969272461,149.876750287076
"26","Barrel 6/Bullet 1/HS44 - Barrel 6 - Bullet 1 - Land 6 - Sneox1 - 20x - auto light left image +20 perc. & x10 - threshold 2 - resolution 4 - Allison Mark.dat","Barrel 6","Bullet 1","Land 6",19.6630161730686,6.74068503149355,14.0479697393979,54.3668408738267,216.42044830665,6241.03396378231
"27","Unknowns/Bullet 'O'/HS44 - Unknown; Bullet O; Land 5 - Sneox1 - 20x - auto light left image + 20 perc x10 - threshold 2 - resolution 4 - Connor Hergenreter.dat","Unknowns","Bullet 'O'","Land 5",113.191759786871,116.674578523855,76.0467443282364,-2.4778739630501,3.37246101783161,6.17793916160705
"28","Unknowns/Bullet 'E'/HS44 - Barrel 10; Bullet E; Land 1 - Sneox1 - 20x - auto light left image +20 perc. x10- threshold 2 - resolution 4 - Marco Yepez.dat","Unknowns","Bullet 'E'","Land 1",104.467550022724,13.3824660498497,203.947410903579,-1.2444341650656,29.7354624498392,13.3824660498497
"29","Unknowns/Bullet 'F'/HS44 - Unknown; Bullet F; Land 3 - Sneox1 - 20x - auto light left image + 20 perc x10 - threshold 2 - resolution 4 - Connor Hergenreter.dat","Unknowns","Bullet 'F'","Land 3",-8.99823259814973,142.418805959575,0.283507408314623,0.906721261430095,32.6890905547179,11.7355979745164
"30","Barrel 1/Bullet 1/HS44 - Barrel 1 - Bullet 1 - Land 4 - Sneox2 - 20x - auto light left image +20 perc. - threshold 2 - resolution 4 - Connor Hergenreter.dat","Barrel 1","Bullet 1","Land 4",-46.4495723624599,506.607264386609,6.65495019107432,429.936488536811,54.5673925795999,492.267821994191
"31","Barrel 3/Bullet 1/HS44 - Barrel 3; Bullet 1; Land 1 - Sneox1 - 20x - auto light left image +20 perc. - threshold 2 - resolution 4 - Allison Mark.dat","Barrel 3","Bullet 1","Land 1",2082.23814150917,1266.89357477173,-0.468208894378632,1.04878194603865,-0.468208894378632,1.04878194603865
"32","Barrel 6/Bullet 2/HS44 - Barrel 6 - Bullet 2 - Land 4 - Sneox1 - 20x - auto light left image +20 perc. & x10 - threshold 2 - resolution 4 - Allison Mark.dat","Barrel 6","Bullet 2","Land 4",169.293336641036,10.4077263115351,10.4781294802739,76.0394678961669,10.4781294802739,227.328622101691
"33","Barrel 9/Bullet 2/HS44 - Barrel 9 - Bullet 2 - Land 2 - Sneox2 - 20x - auto light left image +20 perc. - threshold 2 - resolution 4 - Connor Hergenreter.dat","Barrel 9","Bullet 2","Land 2",26.9429305260141,6.88672863985548,4.71412609009635,9.32583405135816,176.338190987082,3529.64937807214
"34","Barrel 4/Bullet 1/HS44 - Barrel 4; Bullet1; Land 4 - Sneox1 - 20x - auto light left image +20 perc. - threshold 2 - resolution 4 - Allison Mark.dat","Barrel 4","Bullet 1","Land 4",12.5988584378932,22.4118486954997,1.17329295966918,-0.569014481518384,25.5010418530724,6.78428920653495
"35","Barrel 7/Bullet 2/HS44 - Barrel 7 - Bullet 2 - Land 3 -Sneox2 - 20x - auto light left image + 20 perc. - Threshold 2 - Resolution 4 - Connor Hergenreter.dat","Barrel 7","Bullet 2","Land 3",168.146704703272,17.8413807831069,278.809084990981,-159.317277633285,53.7386939375638,-159.317277633285
"36","Barrel 10/Bullet 1/HS44 - Barrel 10; Bullet 1; Land 1 - Sneox1 - 20x - auto light left image +20 perc. x10- threshold 2 - resolution 4 - Marco Yepez.dat","Barrel 10","Bullet 1","Land 1",-4.0325320186665,666.114402592469,237.205800236874,356.712817720869,281.717177478111,604.303564527034
"37","Barrel 10/Bullet 2/HS44 - Barrel 10; Bullet 2; Land 1 - Sneox1 - 20x - auto light left image +20 perc. x10- threshold 2 - resolution 4 - Marco Yepez.dat","Barrel 10","Bullet 2","Land 1",-51.3994779861154,1252.63766219141,2.18074484816715,-0.650596805847235,219.599535150894,-0.650596805847235
"38","Barrel 1/Bullet 2/HS44 - Barrel 1 - Bullet 2 - Land 1 - Sneox2 - 20x - auto light left image +20 perc. - threshold 2 - resolution 4 - Connor Hergenreter.dat","Barrel 1","Bullet 2","Land 1",-203.632944869575,-2612.46586662901,36.6856621358509,4676.04721935719,7577.5721704593,5296.74435397613
"39","Barrel 5/Bullet 1/HS44 - Barrel 5 - Bullet 1 - Land 3 - Sneox2 - 20x - auto light left image +20 perc. - threshold 2 - resolution 4 - Connor Hergenreter.dat","Barrel 5","Bullet 1","Land 3",-266.397982921446,-77.5195133073701,-85.1146806595486,-36.3993463262668,-102.075844996746,-9.94554413974589
"40","Unknowns/Bullet 'X'/HS44 - Unknown; Bullet X; Land 3 - Sneox1 - 20x - auto light left image + 20 perc x10 - threshold 2 - resolution 4 - Marco Yepez.dat","Unknowns","Bullet 'X'","Land 3",-101.873220043507,-85.2559589588376,8.20903999634066,-87.2091467068222,52.4192469510449,-85.2559589588376
"41","Unknowns/Bullet 'X'/HS44 - Unknown; Bullet X; Land 4 - Sneox1 - 20x - auto light left image + 20 perc x10 - threshold 2 - resolution 4 - Marco Yepez.dat","Unknowns","Bullet 'X'","Land 4",93.9890780811786,-70.0892501978866,166.778586954347,-12.5494352355938,42.8594429075241,-12.5494352355938
"42","Unknowns/Bullet 'K'/HS44 - Unknown; Bullet K; Land 4 - Sneox1 - 20x - auto light left image + 20 perc x10 - threshold 2 - resolution 4 - Connor Hergenreter.dat","Unknowns","Bullet 'K'","Land 4",-184.919909767459,0,12.5957349188179,-61.0456472148867,97.153309271521,-6.08704739151606
"43","Unknowns/Bullet 'J'/HS44 - Unknown; Bullet J; Land 4 - Sneox1 - 20x - auto light left image +20 perc. - threshold 2 - resolution 4 - Marco Yepez.dat","Unknowns","Bullet 'J'","Land 4",-1045.66164597981,-2.76301318958899,3149.20000324993,-2.76301318958899,3670.39625849307,-2.76301318958899
"44","Barrel 3/Bullet 1/HS44 - Barrel 3; Bullet 1; Land 2 - Sneox1 - 20x - auto light left image +20 perc. - threshold 2 - resolution 4 - Allison Mark.dat","Barrel 3","Bullet 1","Land 2",-14.572029071996,1279.31202371045,-1.33294512628711,1.38918867292604,13.5014961016932,34.7933133709158
"45","Barrel 2/Bullet 2/HS44 - Barrel 2 - Bullet 2 - Land 2 - Sneox2 - 20x - auto light left image +20 perc. - threshold 2 - resolution 4 - Connor Hergenreter.dat","Barrel 2","Bullet 2","Land 2",131.889719607935,-357.405782228255,85.8066070010726,-493.037359574436,85.6016702394658,-357.405782228255
"46","Barrel 8/Bullet 1/HS44 - Barrel 8 - Bullet 1 - Land 3 - Sneox2 - 20x - auto light left image +20 perc. - threshold 2 - resolution 4 - Connor Hergenreter.dat","Barrel 8","Bullet 1","Land 3",-93.5003026475201,1057.38893619805,-7.96606211728943,287.670082766902,21.7063484971557,295.824314546466
"47","Barrel 2/Bullet 2/HS44 - Barrel 2 - Bullet 2 - Land 6 - Sneox2 - 20x - auto light left image +20 perc. - threshold 2 - resolution 4 - Connor Hergenreter.dat","Barrel 2","Bullet 2","Land 6",36.1657367672877,6.67544624587659,-67.5246997233336,-2.21794836640291,35.9972517562335,6.67544624587659
"48","Barrel 10/Bullet 2/HS44 - Barrel 10; Bullet 2; Land 2 - Sneox1 - 20x - auto light left image +20 perc. x10- threshold 2 - resolution 4 - Marco Yepez.dat","Barrel 10","Bullet 2","Land 2",-105.903502269821,6347.82698624553,-8.87699412095025,-137.524929418803,123.738191499223,-93.2454580017729
"49","Unknowns/Bullet 'Y'/HS44 - Unknown; Bullet Y; Land 3 - Sneox1 - 20x - auto light left image + 20 perc x10 - threshold 2 - resolution 4 - Marco Yepez.dat","Unknowns","Bullet 'Y'","Land 3",5.92999352417101,-91.6604178933638,-0.468407582778675,-91.6604178933638,72.9193930861579,-91.6604178933638
"50","Barrel 7/Bullet 1/HS44 - Barrel 7; Bullet 1; Land 6 - Sneox1 - 20x - auto light left image +20 perc. - threshold 2 - resolution 4 - Marco Yepez.dat","Barrel 7","Bullet 1","Land 6",-79.4946948632584,8.22154422123266,1.43295540486018,-0.0746120695185939,177.707266286523,8.22154422123266
"51","Unknowns/Bullet 'G'/HS44 - Unknown; Bullet G; Land 3 - Sneox1 - 20x - auto light left image + 20 perc x10 - threshold 2 - resolution 4 - Connor Hergenreter.dat","Unknowns","Bullet 'G'","Land 3",-55.3533531507498,6.58716290067652,4.24893549646333,-18.301579017723,31.2028207424821,13.3386336698546
"52","Unknowns/Bullet 'F'/HS44 - Unknown; Bullet F; Land 2 - Sneox1 - 20x - auto light left image + 20 perc x10 - threshold 2 - resolution 4 - Connor Hergenreter.dat","Unknowns","Bullet 'F'","Land 2",5.00419117474765,770.592722834953,0.733392868744246,770.592722834953,23.3690941247698,770.592722834953
"53","Unknowns/Bullet 'I'/HS44 - Unknown; Bullet I; Land 1 - Sneox1 - 20x - auto light left image +20 perc. - threshold 2 - resolution 4 - Marco Yepez.dat","Unknowns","Bullet 'I'","Land 1",-43.1171531464755,371.370553187885,19.0660331148306,371.370553187885,63.6155754648897,371.370553187885
"54","Unknowns/Bullet 'O'/HS44 - Unknown; Bullet O; Land 2 - Sneox1 - 20x - auto light left image + 20 perc x10 - threshold 2 - resolution 4 - Connor Hergenreter.dat","Unknowns","Bullet 'O'","Land 2",75.6472457326136,1500.54975450203,0.841403423969024,669.04848113017,35.6380443445809,716.01822808508
"55","Barrel 8/Bullet 1/HS44 - Barrel 8 - Bullet 1 - Land 6 - Sneox2 - 20x - auto light left image +20 perc. - threshold 2 - resolution 4 - Connor Hergenreter.dat","Barrel 8","Bullet 1","Land 6",-1089.67004633414,26.1927593925041,-384.332968967576,0.49196337473461,-668.702845497161,0.49196337473461
"56","Unknowns/Bullet 'G'/HS44 - Unknown; Bullet G; Land 2 - Sneox1 - 20x - auto light left image + 20 perc x10 - threshold 2 - resolution 4 - Connor Hergenreter.dat","Unknowns","Bullet 'G'","Land 2",75.6808509453699,214.368848716744,1.99710239436045,146.546383489289,16.0065702432608,56.686575901168
"57","Barrel 7/Bullet 2/HS44 - Barrel 7 - Bullet 2 - Land 5 -Sneox2 - 20x - auto light left image + 20 perc. - Threshold 2 - Resolution 4 - Connor Hergenreter.dat","Barrel 7","Bullet 2","Land 5",-19.581346165178,0,64.4599017476991,87.7739941751285,189.300056547221,-214.506228011306
"58","Barrel 8/Bullet 2/HS44 - Barrel 8 - Bullet 2 - Land 2 - Sneox2 - 20x - auto light left image +20 perc. - threshold 2 - resolution 4 - Connor Hergenreter.dat","Barrel 8","Bullet 2","Land 2",-1734.78960751429,13122.741779468,-244.592436134091,-90.9216800553284,-150.440327994853,-68.6728107565614
"59","Barrel 6/Bullet 1/HS44 - Barrel 6 - Bullet 1 - Land 5 - Sneox1 - 20x - auto light left image +20 perc. & x10 - threshold 2 - resolution 4 - Allison Mark.dat","Barrel 6","Bullet 1","Land 5",-25.6818299307509,77.7488050261819,11.0379337337006,2.23645510669382,179.185762434454,107.516778664943
"60","Unknowns/Bullet 'G'/HS44 - Unknown; Bullet G; Land 6 - Sneox1 - 20x - auto light left image + 20 perc x10 - threshold 2 - resolution 4 - Connor Hergenreter.dat","Unknowns","Bullet 'G'","Land 6",21.7073652762103,-18.1563655107788,2.54580188382341,-18.1563655107788,52.0057543551897,-18.1563655107788
"61","Unknowns/Bullet 'J'/HS44 - Unknown; Bullet J; Land 5 - Sneox1 - 20x - auto light left image +20 perc. - threshold 2 - resolution 4 - Marco Yepez.dat","Unknowns","Bullet 'J'","Land 5",-19.3584985807856,-100.285677147666,4.47002812122881,-100.285677147666,52.2343125933455,-100.285677147666
"62","Unknowns/Bullet 'L'/HS44 - Unknown; Bullet L; Land 4 - Sneox1 - 20x - auto light left image + 20 perc - threshold 2 - resolution 4 - Connor Hergenreter.dat","Unknowns","Bullet 'L'","Land 4",5.75009095675216,11.5855402883646,-169.850803344188,-18.204093934255,-169.850803344188,10.8358716384838
"63","Unknowns/Bullet 'X'/HS44 - Unknown; Bullet X; Land 6 - Sneox1 - 20x - auto light left image + 20 perc x10 - threshold 2 - resolution 4 - Marco Yepez.dat","Unknowns","Bullet 'X'","Land 6",-4.18925967585809,0,0.328282139997984,6.13989245945705,0.328282139997984,2.21830533574845
"64","Barrel 6/Bullet 1/HS44 - Barrel 6 - Bullet 1 - Land 1 - Sneox1 - 20x - auto light left image +20 perc. & x10 - threshold 2 - resolution 4 - Allison Mark.dat","Barrel 6","Bullet 1","Land 1",-73.3515080777556,0,2.38109741668821,0.915755406517222,25.2943601104486,0.915755406517222
"65","Unknowns/Bullet 'O'/HS44 - Unknown; Bullet O; Land 4 - Sneox1 - 20x - auto light left image + 20 perc x10 - threshold 2 - resolution 4 - Connor Hergenreter.dat","Unknowns","Bullet 'O'","Land 4",-73.9112722120987,175.630637861703,3.40427442682693,15.3288974547681,41.406162922851,92.2898409117703
"66","Barrel 7/Bullet 1/HS44 - Barrel 7; Bullet 1; Land 5 - Sneox1 - 20x - auto light left image +20 perc. - threshold 2 - resolution 4 - Marco Yepez.dat","Barrel 7","Bullet 1","Land 5",77.9029126275193,17.2505663807468,103.639897187158,4.19965376462101,110.858894133991,98.8066845292051
"67","Unknowns/Bullet 'Y'/HS44 - Unknown; Bullet Y; Land 6 - Sneox1 - 20x - auto light left image + 20 perc x10 - threshold 2 - resolution 4 - Marco Yepez.dat","Unknowns","Bullet 'Y'","Land 6",-26.5005743072685,0,9.84327502001904,1.41968972339858,58.0951004016622,1.41968972339858
"68","Barrel 3/Bullet 2/HS44 - Barrel 3; Bullet 2; Land 3 - Sneox1 - 20x - auto light left image +20 perc. - threshold 2 - resolution 4 - Allison Mark.dat","Barrel 3","Bullet 2","Land 3",-10.419404601971,-57.2853585315829,-0.387792088447342,1.19258477032828,-0.387792088447342,1.19258477032828
"69","Barrel 6/Bullet 2/HS44 - Barrel 6 - Bullet 2 - Land 1 - Sneox1 - 20x - auto light left image +20 perc. & x10 - threshold 2 - resolution 4 - Allison Mark.dat","Barrel 6","Bullet 2","Land 1",17.5383258256311,3309.06727170258,0.829313854088967,1.72238532127292,24.2631808131802,1.72238532127292
"70","Unknowns/Bullet 'K'/HS44 - Unknown; Bullet K; Land 1 - Sneox1 - 20x - auto light left image + 20 perc x10 - threshold 2 - resolution 4 - Connor Hergenreter.dat","Unknowns","Bullet 'K'","Land 1",1348.09990296644,-59.6403544744407,-4.14238195438437,3.85630845979629,0.429444548496841,9.9984589421229
"71","Unknowns/Bullet 'U'/HS44 - Unknown; Bullet U; Land 2 - Sneox1 - 20x - auto light left image + 20 perc x10 - threshold 2 - resolution 4 - Marco Yepez.dat","Unknowns","Bullet 'U'","Land 2",98.9772552270193,-116.08758277587,26.3672452908111,-139.629692547514,136.085872699067,-113.350539384757
"72","Unknowns/Bullet 'S'/HS44 - Unknown; Bullet S; Land 2 - Sneox1 - 20x - auto light left image + 20 perc x10 - threshold 2 - resolution 4 - Connor Hergenreter.dat","Unknowns","Bullet 'S'","Land 2",-81.3987102177231,304.356498958227,-39.4708896351907,3.27176732165158,1.71719094803557,70.4597418767557
"73","Barrel 9/Bullet 2/HS44 - Barrel 9 - Bullet 2 - Land 5 - Sneox2 - 20x - auto light left image +20 perc. - threshold 2 - resolution 4 - Connor Hergenreter.dat","Barrel 9","Bullet 2","Land 5",-184.68927308495,-114.42199129686,-16.1531909160016,-10.3869137021269,116.323366175068,69.4630310705661
"74","Unknowns/Bullet 'K'/HS44 - Unknown; Bullet K; Land 5 - Sneox1 - 20x - auto light left image + 20 perc x10 - threshold 2 - resolution 4 - Connor Hergenreter.dat","Unknowns","Bullet 'K'","Land 5",56.8622119905154,0,28.5507446514232,53.0089653459939,132.757221642456,4.25784178065207
"75","Unknowns/Bullet 'U'/HS44 - Unknown; Bullet U; Land 5 - Sneox1 - 20x - auto light left image + 20 perc x10 - threshold 2 - resolution 4 - Marco Yepez.dat","Unknowns","Bullet 'U'","Land 5",97.6038135765421,50.7960352118408,-30.4306328707495,20.6452696205358,-4.97964482070512,178.021508523376
"76","Unknowns/Bullet 'H'/HS44 - Unknown; Bullet H; Land 3 - Sneox1 - 20x - auto light left image +20 perc. - threshold 2 - resolution 4 - Marco Yepez.dat","Unknowns","Bullet 'H'","Land 3",3.62535703863511,0,-0.222924625920249,-253.870083914921,-0.222924625920249,-253.721461899503
"77","Unknowns/Bullet 'J'/HS44 - Unknown; Bullet J; Land 6 - Sneox1 - 20x - auto light left image +20 perc. - threshold 2 - resolution 4 - Marco Yepez.dat","Unknowns","Bullet 'J'","Land 6",-62.7303713564539,378.428848289008,-22.1418249261408,65.6604309247576,22.6843211546554,88.6886024709907
"78","Barrel 9/Bullet 1/HS44 - Barrel 9 - Bullet 1 - Land 3 - Sneox2 - 20x - auto light left image +20 perc. - threshold 2 - resolution 4 - Connor Hergenreter.dat","Barrel 9","Bullet 1","Land 3",-68.5055580155933,816.166704470924,57.7312635734398,860.538387398841,262.450574551528,832.616499769406
"79","Unknowns/Bullet 'K'/HS44 - Unknown; Bullet K; Land 3 - Sneox1 - 20x - auto light left image + 20 perc x10 - threshold 2 - resolution 4 - Connor Hergenreter.dat","Unknowns","Bullet 'K'","Land 3",-145.6592359255,7946.47426645268,0.0201300611040374,-2.01420603487811,110.080091183251,47.9564578219824
"80","Unknowns/Bullet 'L'/HS44 - Unknown; Bullet L; Land 3 - Sneox1 - 20x - auto light left image + 20 perc - threshold 2 - resolution 4 - Connor Hergenreter.dat","Unknowns","Bullet 'L'","Land 3",-39.5252726099642,0,0.983476469189984,-20.9368991192569,4.63983669511431,-20.9368991192569
"81","Barrel 7/Bullet 1/HS44 - Barrel 7; Bullet 1; Land 3 - Sneox1 - 20x - auto light left image +20 perc. - threshold 2 - resolution 4 - Marco Yepez.dat","Barrel 7","Bullet 1","Land 3",2165.32486626063,0,7.43077285653023,2.615155635166,59.4671675969493,2.615155635166
"82","Barrel 9/Bullet 2/HS44 - Barrel 9 - Bullet 2 - Land 1 - Sneox2 - 20x - auto light left image +20 perc. - threshold 2 - resolution 4 - Connor Hergenreter.dat","Barrel 9","Bullet 2","Land 1",-0.732689335685239,-150.011697247233,-3.73493448813485,-161.845526762953,13.8919470458051,999.05658085245
"83","Unknowns/Bullet 'U'/HS44 - Unknown; Bullet U; Land 4 - Sneox1 - 20x - auto light left image + 20 perc x10 - threshold 2 - resolution 4 - Marco Yepez.dat","Unknowns","Bullet 'U'","Land 4",-1.6088958159007,-46.7548502719069,21.1507600626159,12.8659834887305,353.151518932857,108.299752544794
"84","Unknowns/Bullet 'H'/HS44 - Unknown; Bullet H; Land 1 - Sneox1 - 20x - auto light left image +20 perc. - threshold 2 - resolution 4 - Marco Yepez.dat","Unknowns","Bullet 'H'","Land 1",5737.42887938644,18.2733646810597,-50.867992643083,-35.5894946626126,-49.6479998628357,-32.9938124558618
"85","Unknowns/Bullet 'U'/HS44 - Unknown; Bullet U; Land 1 - Sneox1 - 20x - auto light left image + 20 perc x10 - threshold 2 - resolution 4 - Marco Yepez.dat","Unknowns","Bullet 'U'","Land 1",-89.5475813586089,-105.33079644388,1.54446979526026,-218.350883756762,206.814725712379,-156.243106198443
"86","Barrel 3/Bullet 2/HS44 - Barrel 3; Bullet 2; Land 4 - Sneox1 - 20x - auto light left image +20 perc. - threshold 2 - resolution 4 - Allison Mark.dat","Barrel 3","Bullet 2","Land 4",-2.30731514126814,21375.1586624884,46.3284750912016,38.691648739643,138.238860085956,95.6489089024793
"87","Barrel 5/Bullet 2/HS44 - Barrel 5 - Bullet 2 - Land 5 - Sneox2 - 20x - auto light left image +20 perc. - threshold 2 - resolution 4 - Connor Hergenreter.dat","Barrel 5","Bullet 2","Land 5",-218.365143968153,37.5486914633762,-51.7412373043351,-2.27808931751746,-3.052080616978,37.5486914633762
"88","Unknowns/Bullet 'E'/HS44 - Barrel 10; Bullet E; Land 5 - Sneox1 - 20x - auto light left image +20 perc. x10- threshold 2 - resolution 4 - Marco Yepez.dat","Unknowns","Bullet 'E'","Land 5",-166.476189317362,642.106326933602,-61.5275388149234,-774.768694537684,-19.4124586441674,-613.738579774416
"89","Barrel 9/Bullet 1/HS44 - Barrel 9 - Bullet 1 - Land 1 - Sneox2 - 20x - auto light left image +20 perc. - threshold 2 - resolution 4 - Connor Hergenreter.dat","Barrel 9","Bullet 1","Land 1",-62.1471762768832,12.7338880667756,-15.0424872435089,12.7338880667756,-9.84231619954315,12.7338880667756
"90","Barrel 5/Bullet 2/HS44 - Barrel 5 - Bullet 2 - Land 4 - Sneox2 - 20x - auto light left image +20 perc. - threshold 2 - resolution 4 - Connor Hergenreter.dat","Barrel 5","Bullet 2","Land 4",-183.730813122715,318.334961109148,-155.895158437763,318.334961109148,-154.162186814385,318.334961109148
"91","Unknowns/Bullet 'S'/HS44 - Unknown; Bullet S; Land 1 - Sneox1 - 20x - auto light left image + 20 perc x10 - threshold 2 - resolution 4 - Connor Hergenreter.dat","Unknowns","Bullet 'S'","Land 1",2.26893297704385,1.76348761821568,6.15842884246158,1.76348761821568,311.203342179976,1.76348761821568
"92","Unknowns/Bullet 'O'/HS44 - Unknown; Bullet O; Land 3 - Sneox1 - 20x - auto light left image + 20 perc x10 - threshold 2 - resolution 4 - Connor Hergenreter.dat","Unknowns","Bullet 'O'","Land 3",50.3733916805959,677.532390612267,9.89455148918446,3.40495335840308,62.5919682879022,23.7545075278719
"93","Barrel 5/Bullet 1/HS44 - Barrel 5 - Bullet 1 - Land 5 - Sneox2 - 20x - auto light left image +20 perc. - threshold 2 - resolution 4 - Connor Hergenreter.dat","Barrel 5","Bullet 1","Land 5",30.6835085824984,-3.17137603169998,-5.87802687257486,-3.17137603169998,14.077003822621,-3.17137603169998
"94","Unknowns/Bullet 'T'/HS44 - Unknown; Bullet T; Land 4 - Sneox1 - 20x - auto light left image + 20 perc x10 - threshold 2 - resolution 4 - Connor Hergenreter.dat","Unknowns","Bullet 'T'","Land 4",-32.5268552274357,-70.4192788682229,-5.97109068615188,-155.131150847388,6.00034137949113,-138.865978196679
"95","Barrel 9/Bullet 1/HS44 - Barrel 9 - Bullet 1 - Land 4 - Sneox2 - 20x - auto light left image +20 perc. - threshold 2 - resolution 4 - Connor Hergenreter.dat","Barrel 9","Bullet 1","Land 4",25.0021546851289,1144.46284106572,9.59455564110161,-63.4198945488693,47.4268911915007,-23.5515307624191
"96","Barrel 8/Bullet 2/HS44 - Barrel 8 - Bullet 2 - Land 3 - Sneox2 - 20x - auto light left image +20 perc. - threshold 2 - resolution 4 - Connor Hergenreter.dat","Barrel 8","Bullet 2","Land 3",3466.56238631621,-834.255608338423,6.77580850433393,-834.255608338423,33.3942317104511,-834.255608338423
"97","Barrel 8/Bullet 1/HS44 - Barrel 8 - Bullet 1 - Land 1 - Sneox2 - 20x - auto light left image +20 perc. - threshold 2 - resolution 4 - Connor Hergenreter.dat","Barrel 8","Bullet 1","Land 1",44.2240061800291,939.512830349658,17.4202501486257,376.700935304548,132.687453577586,376.700935304548
"98","Barrel 10/Bullet 2/HS44 - Barrel 10; Bullet 2; Land 4 - Sneox1 - 20x - auto light left image +20 perc. x10- threshold 2 - resolution 4 - Marco Yepez.dat","Barrel 10","Bullet 2","Land 4",-8.58768269963392,-17.176610025132,37.8525627044878,7.83623634810096,96.8935459226519,85.1359397483454
"99","Unknowns/Bullet 'E'/HS44 - Barrel 10; Bullet E; Land 6 - Sneox1 - 20x - auto light left image +20 perc. x10- threshold 2 - resolution 4 - Marco Yepez.dat","Unknowns","Bullet 'E'","Land 6",-47.8196655576404,8.75919844221956,-103.160796859725,3.00055668666703,-5.41710486549758,16.3564830438734
"100","Barrel 10/Bullet 1/HS44 - Barrel 10; Bullet 1; Land 2 - Sneox1 - 20x - auto light left image +20 perc. x10- threshold 2 - resolution 4 - Marco Yepez.dat","Barrel 10","Bullet 1","Land 2",-873.510420884713,8347.79206526998,-296.846548807764,-76.5235072767293,-303.790282116631,-0.531187961560595
"101","Barrel 7/Bullet 1/HS44 - Barrel 7; Bullet 1; Land 2 - Sneox1 - 20x - auto light left image +20 perc. - threshold 2 - resolution 4 - Marco Yepez.dat","Barrel 7","Bullet 1","Land 2",-170.646077938348,0,-12.4846754320025,18.8917575123499,-12.4846754320025,5.0085087542863
"102","Unknowns/Bullet 'H'/HS44 - Unknown; Bullet H; Land 4 - Sneox1 - 20x - auto light left image +20 perc. - threshold 2 - resolution 4 - Marco Yepez.dat","Unknowns","Bullet 'H'","Land 4",-36.5801951407019,-416.191633429181,14.752109172041,-416.191633429181,196.745890659888,-416.191633429181
"103","Barrel 6/Bullet 2/HS44 - Barrel 6 - Bullet 2 - Land 2 - Sneox1 - 20x - auto light left image +20 perc. & x10 - threshold 2 - resolution 4 - Allison Mark.dat","Barrel 6","Bullet 2","Land 2",-79.4162604174231,571.770408281042,-3.24913195702769,-23.1411574947845,16.9642005577206,43.2308462237169
"104","Unknowns/Bullet 'I'/HS44 - Unknown; Bullet I; Land 3 - Sneox1 - 20x - auto light left image +20 perc. - threshold 2 - resolution 4 - Marco Yepez.dat","Unknowns","Bullet 'I'","Land 3",-49.5884378988703,-97.5451399034577,-4.288271521122,-98.2382049068839,302.222477687095,-63.5896871022445
"105","Barrel 9/Bullet 1/HS44 - Barrel 9 - Bullet 1 - Land 2 - Sneox2 - 20x - auto light left image +20 perc. - threshold 2 - resolution 4 - Connor Hergenreter.dat","Barrel 9","Bullet 1","Land 2",-141.185633887351,0,13.6384050777108,-157.804248481656,80.4214773834179,-4.76788135819703
"106","Barrel 5/Bullet 1/HS44 - Barrel 5 - Bullet 1 - Land 4 - Sneox2 - 20x - auto light left image +20 perc. - threshold 2 - resolution 4 - Connor Hergenreter.dat","Barrel 5","Bullet 1","Land 4",-543.354355465473,-48.5895010833957,-201.394466113037,-48.5895010833957,-201.394466113037,-48.5895010833957
"107","Unknowns/Bullet 'P'/HS44 - Unknown; Bullet P; Land 3 - Sneox1 - 20x - auto light left image + 20 perc x10 - threshold 2 - resolution 4 - Connor Hergenreter.dat","Unknowns","Bullet 'P'","Land 3",-56.0144735934025,27.7758286841751,-12.0047303671908,27.7758286841751,47.1195691779791,27.7758286841751
"108","Barrel 4/Bullet 2/HS44 - Barrel 4; Bullet 2; Land 5 - Sneox1 - 20x - auto light left image +20 perc. - threshold 2 - resolution 4 - Allison Mark.dat","Barrel 4","Bullet 2","Land 5",-0.389400310998534,0,-0.0890589247182515,1.42630013131305,-0.0890589247182515,1.42630013131305
"109","Unknowns/Bullet 'S'/HS44 - Unknown; Bullet S; Land 5 - Sneox1 - 20x - auto light left image + 20 perc x10 - threshold 2 - resolution 4 - Connor Hergenreter.dat","Unknowns","Bullet 'S'","Land 5",-19.1676724273662,-339.174047752887,-10.3230461570121,-1.99111790743411,10.5771300391577,-1.99111790743411
"110","Unknowns/Bullet 'F'/HS44 - Unknown; Bullet F; Land 6 - Sneox1 - 20x - auto light left image + 20 perc x10 - threshold 2 - resolution 4 - Connor Hergenreter.dat","Unknowns","Bullet 'F'","Land 6",20.6467305931662,0,9.8773893392309,2.36114474928968,38.4007625998794,2.36114474928968
"111","Unknowns/Bullet 'I'/HS44 - Unknown; Bullet I; Land 4 - Sneox1 - 20x - auto light left image +20 perc. - threshold 2 - resolution 4 - Marco Yepez.dat","Unknowns","Bullet 'I'","Land 4",26.1997104976766,-311.092704111779,4.84722413879929,-311.092704111779,10.0440533370618,-311.092704111779
"112","Unknowns/Bullet 'X'/HS44 - Unknown; Bullet X; Land 1 - Sneox1 - 20x - auto light left image + 20 perc x10 - threshold 2 - resolution 4 - Marco Yepez.dat","Unknowns","Bullet 'X'","Land 1",-119.935895848442,135.227056426188,-701.511053939085,4.65496991613059,-705.196120362186,91.3753937324219
"113","Barrel 5/Bullet 1/HS44 - Barrel 5 - Bullet 1 - Land 1 - Sneox2 - 20x - auto light left image +20 perc. - threshold 2 - resolution 4 - Connor Hergenreter.dat","Barrel 5","Bullet 1","Land 1",-4.45036768798429,1740.27880318803,4.81654426343722,1239.55325987097,28.3963729535221,1250.36390680664
"114","Unknowns/Bullet 'E'/HS44 - Barrel 10; Bullet E; Land 2 - Sneox1 - 20x - auto light left image +20 perc. x10- threshold 2 - resolution 4 - Marco Yepez.dat","Unknowns","Bullet 'E'","Land 2",-99.1794436585098,169.212829280081,2.50485214867553,-127.94177084026,132.098903238193,3693.20565787944
"115","Unknowns/Bullet 'K'/HS44 - Unknown; Bullet K; Land 2 - Sneox1 - 20x - auto light left image + 20 perc x10 - threshold 2 - resolution 4 - Connor Hergenreter.dat","Unknowns","Bullet 'K'","Land 2",-37.3665189820741,0,12.9828021423877,-156.789945751379,33.8399634042146,-139.938339021742
"116","Barrel 4/Bullet 1/HS44 - Barrel 4; Bullet1; Land 1 - Sneox1 - 20x - auto light left image +20 perc. - threshold 2 - resolution 4 - Allison Mark.dat","Barrel 4","Bullet 1","Land 1",0,0,0.202512792433259,-0.515638182102514,0.202512792433259,-0.515638182102514
"117","Barrel 10/Bullet 2/HS44 - Barrel 10; Bullet 2; Land 6 - Sneox1 - 20x - auto light left image +20 perc. x10- threshold 2 - resolution 4 - Marco Yepez.dat","Barrel 10","Bullet 2","Land 6",795.648867672193,47.6553337696566,110.613554758519,78.5988825476376,110.613554758519,109.244458543664
"118","Barrel 1/Bullet 1/HS44 - Barrel 1 - Bullet 1 - Land 2 - Sneox2 - 20x - auto light left image +20 perc. - threshold 2 - resolution 4 - Connor Hergenreter.dat","Barrel 1","Bullet 1","Land 2",-34.2779519170115,-1061.09916434381,-0.636226811997856,-1057.35555558058,27.8014737677009,-1061.09916434381
"119","Barrel 6/Bullet 2/HS44 - Barrel 6 - Bullet 2 - Land 5 - Sneox1 - 20x - auto light left image +20 perc. & x10 - threshold 2 - resolution 4 - Allison Mark.dat","Barrel 6","Bullet 2","Land 5",1.61092300075505,99.5550830664365,31.0778947985876,11.1848642854391,136.237840673232,122.526410142524
"120","Barrel 3/Bullet 2/HS44 - Barrel 3; Bullet 2; Land 1 - Sneox1 - 20x - auto light left image +20 perc. - threshold 2 - resolution 4 - Allison Mark.dat","Barrel 3","Bullet 2","Land 1",1042.64187802967,0,25.1761381520253,0.000364409295938728,3.23136326488543,0.000364409295938728
"121","Barrel 3/Bullet 2/HS44 - Barrel 3; Bullet 2; Land 2 - Sneox1 - 20x - auto light left image +20 perc. - threshold 2 - resolution 4 - Allison Mark.dat","Barrel 3","Bullet 2","Land 2",-35.9388386712903,-13.4610518120273,1.20131146132482,8.57545147031482,1.20131146132482,8.57545147031482
"122","Barrel 5/Bullet 2/HS44 - Barrel 5 - Bullet 2 - Land 3 - Sneox2 - 20x - auto light left image +20 perc. - threshold 2 - resolution 4 - Connor Hergenreter.dat","Barrel 5","Bullet 2","Land 3",-668.175535880524,-341.12650216365,-2929.41002328315,-370.471019084976,-9.74200066234238,-336.584548807542
"123","Barrel 10/Bullet 1/HS44 - Barrel 10; Bullet 1; Land 6 - Sneox1 - 20x - auto light left image +20 perc. x10- threshold 2 - resolution 4 - Connor Hergenreter.dat","Barrel 10","Bullet 1","Land 6",-13.5654138960789,-18.3606152163375,5.43971000715756,0.246769492975672,20.3338034542959,0.246769492975672
"124","Barrel 7/Bullet 2/HS44 - Barrel 7 - Bullet 2 - Land 6 -Sneox2 - 20x - auto light left image + 20 perc. - Threshold 2 - Resolution 4 - Connor Hergenreter.dat","Barrel 7","Bullet 2","Land 6",99.0654723119062,0,6.87879424637969,-0.114733679381558,1.8009928299714,-0.114733679381558
"125","Barrel 2/Bullet 2/HS44 - Barrel 2 - Bullet 2 - Land 5 - Sneox2 - 20x - auto light left image +20 perc. - threshold 2 - resolution 4 - Connor Hergenreter.dat","Barrel 2","Bullet 2","Land 5",-259.109726254969,61.3515606516125,-49.0235997264347,47.8102319060275,36.033810528066,61.3515606516125
"126","Barrel 10/Bullet 2/HS44 - Barrel 10; Bullet 2; Land 3 - Sneox1 - 20x - auto light left image +20 perc. x10- threshold 2 - resolution 4 - Marco Yepez.dat","Barrel 10","Bullet 2","Land 3",-68.6167855604636,0,-12.5291358979808,-55.0274175198697,-13.2568400452575,-60.3170011360881
"127","Barrel 4/Bullet 2/HS44 - Barrel 4; Bullet 2; Land 3 - Sneox1 - 20x - auto light left image +20 perc. - threshold 2 - resolution 4 - Allison Mark.dat","Barrel 4","Bullet 2","Land 3",3261.87425563429,607.305981113582,2.89454349143545,5.81681663757706,2.89454349143545,19.5561586064836
"128","Barrel 4/Bullet 2/HS44 - Barrel 4; Bullet 2; Land 4 - Sneox1 - 20x - auto light left image +20 perc. - threshold 2 - resolution 4 - Allison Mark.dat","Barrel 4","Bullet 2","Land 4",-256.643439750053,1477.0799852268,-1885.53031283879,-0.244349467856845,-3.2595136524308,-0.244349467856845
"129","Barrel 1/Bullet 2/HS44 - Barrel 1 - Bullet 2 - Land 5 - Sneox2 - 20x - auto light left image +20 perc. - threshold 2 - resolution 4 - Connor Hergenreter.dat","Barrel 1","Bullet 2","Land 5",-114.977114875777,-8.39364938646161,1.75873063101863,-4.09600376278603,53.7728971855077,269.744399625253
"130","Unknowns/Bullet 'H'/HS44 - Unknown; Bullet H; Land 5 - Sneox1 - 20x - auto light left image +20 perc. - threshold 2 - resolution 4 - Marco Yepez.dat","Unknowns","Bullet 'H'","Land 5",-64.7804495486914,-2.25298318215179,19.5419479400675,19.3441058844,77.945977531443,2207.15238988758
"131","Unknowns/Bullet 'I'/HS44 - Unknown; Bullet I; Land 2 - Sneox1 - 20x - auto light left image +20 perc. - threshold 2 - resolution 4 - Marco Yepez.dat","Unknowns","Bullet 'I'","Land 2",8366.01821809711,-212.102575632449,-108.302142691968,-76.6440361870985,-106.834636949016,-73.4870881312834
"132","Barrel 1/Bullet 1/HS44 - Barrel 1 - Bullet 1 - Land 6 - Sneox2 - 20x - auto light left image +20 perc. - threshold 2 - resolution 4 - Connor Hergenreter.dat","Barrel 1","Bullet 1","Land 6",-824.183963550154,-371.511282053825,-165.093037243202,232.785573783788,2783.99906542863,250.178829161745
"133","Unknowns/Bullet 'L'/HS44 - Unknown; Bullet L; Land 2 - Sneox1 - 20x - auto light left image + 20 perc - threshold 2 - resolution 4 - Connor Hergenreter.dat","Unknowns","Bullet 'L'","Land 2",-1.23008740695602,-81.6144644008236,2.23154120460376,-0.141082544172363,71.1974559464738,-0.141082544172363
"134","Barrel 1/Bullet 1/HS44 - Barrel 1 - Bullet 1 - Land 1 - Sneox2 - 20x - auto light left image +20 perc. - threshold 2 - resolution 4 - Connor Hergenreter.dat","Barrel 1","Bullet 1","Land 1",-162.476139530246,6384.65134526752,5.75692054997678,-46.6319367449164,50.6291682387761,22.0790580298774
"135","Unknowns/Bullet 'S'/HS44 - Unknown; Bullet S; Land 3 - Sneox1 - 20x - auto light left image + 20 perc x10 - threshold 2 - resolution 4 - Connor Hergenreter.dat","Unknowns","Bullet 'S'","Land 3",-188.794914683197,-69.1746389556255,-63.2103397517491,-30.5240043131466,8252.78235686983,732.657450864255
"136","Barrel 3/Bullet 2/HS44 - Barrel 3; Bullet 2; Land 6 - Sneox1 - 20x - auto light left image +20 perc. - threshold 2 - resolution 4 - Allison Mark.dat","Barrel 3","Bullet 2","Land 6",122.080561968767,258.969036800688,79.3997258907322,-210.863401629028,35.0141033082805,-210.863401629028
"137","Barrel 6/Bullet 2/HS44 - Barrel 6 - Bullet 2 - Land 3 - Sneox1 - 20x - auto light left image +20 perc. & x10 - threshold 2 - resolution 4 - Allison Mark.dat","Barrel 6","Bullet 2","Land 3",58.95011972737,85.6133155092745,6.30755209282476,8.04112404795443,64.1694124493545,113.642455095241
"138","Barrel 2/Bullet 1/HS44 - Barrel 2 - Bullet 1 - Land 4 - Sneox2 - 20x - auto light left image +20 perc. - threshold 2 - resolution 4 - Connor Hergenreter.dat","Barrel 2","Bullet 1","Land 4",108.47722849001,0,-49.2282915590041,-70.1256764608969,23.6465596283564,-5.70431180472571
"139","Barrel 9/Bullet 1/HS44 - Barrel 9 - Bullet 1 - Land 5 - Sneox2 - 20x - auto light left image +20 perc. - threshold 2 - resolution 4 - Connor Hergenreter.dat","Barrel 9","Bullet 1","Land 5",-14.6998161709283,-324.266076348929,-2.50801727002182,-197.686502926764,94.0666415025513,-324.266076348929
"140","Barrel 2/Bullet 2/HS44 - Barrel 2 - Bullet 2 - Land 1 - Sneox2 - 20x - auto light left image +20 perc. - threshold 2 - resolution 4 - Connor Hergenreter.dat","Barrel 2","Bullet 2","Land 1",-117.322311184077,4.23136922046304,-42.09088532819,-34.7767368654649,-12.6702577246773,4.23136922046304
"141","Unknowns/Bullet 'E'/HS44 - Barrel 10; Bullet E; Land 4 - Sneox1 - 20x - auto light left image +20 perc. x10- threshold 2 - resolution 4 - Marco Yepez.dat","Unknowns","Bullet 'E'","Land 4",179.280726239153,-927.383672515905,251.354869644485,-984.027036599362,78.4980675453134,-927.383672515905
"142","Barrel 7/Bullet 2/HS44 - Barrel 7 - Bullet 2 - Land 4 -Sneox2 - 20x - auto light left image + 20 perc. - Threshold 2 - Resolution 4 - Connor Hergenreter.dat","Barrel 7","Bullet 2","Land 4",-198.127198789919,-312.053454514287,-3.3508553174313,-51.2716282917945,-3.3508553174313,-51.2716282917945
"143","Barrel 9/Bullet 2/HS44 - Barrel 9 - Bullet 2 - Land 4 - Sneox2 - 20x - auto light left image +20 perc. - threshold 2 - resolution 4 - Connor Hergenreter.dat","Barrel 9","Bullet 2","Land 4",43.9815076535345,1207.67314433718,-6.17925998374076,18.5712331832472,16.6850644554018,1151.99978154456
"144","Unknowns/Bullet 'J'/HS44 - Unknown; Bullet J; Land 2 - Sneox1 - 20x - auto light left image +20 perc. - threshold 2 - resolution 4 - Marco Yepez.dat","Unknowns","Bullet 'J'","Land 2",4752.38986580881,-9.91629064289792,8.6693344708502,-18.158394329141,60.4893901360883,-9.91629064289792
"145","Barrel 6/Bullet 1/HS44 - Barrel 6 - Bullet 1 - Land 3 - Sneox1 - 20x - auto light left image +20 perc. & x10 - threshold 2 - resolution 4 - Allison Mark.dat","Barrel 6","Bullet 1","Land 3",-450.062462812427,0,-66.144787530866,36.236922983142,-71.5547307864365,4.80327081311855
"146","Unknowns/Bullet 'I'/HS44 - Unknown; Bullet I; Land 6 - Sneox1 - 20x - auto light left image +20 perc. - threshold 2 - resolution 4 - Marco Yepez.dat","Unknowns","Bullet 'I'","Land 6",3416.7976801346,244.455716108963,1056.1863486967,3.10215694309777,707.663987588208,122.539352029373
"147","Barrel 3/Bullet 1/HS44 - Barrel 3; Bullet 1; Land 6 - Sneox1 - 20x - auto light left image +20 perc. - threshold 2 - resolution 4 - Allison Mark.dat","Barrel 3","Bullet 1","Land 6",58.6966603125215,487.701849377309,4.1364059827825,2.70512611496359,55.7731724577833,7.35017048796183
"148","Barrel 10/Bullet 1/HS44 - Barrel 10; Bullet 1; Land 4 - Sneox1 - 20x - auto light left image +20 perc. x10- threshold 2 - resolution 4 - Marco Yepez.dat","Barrel 10","Bullet 1","Land 4",-23.2002833187918,2941.70511346046,-14.1006004012747,-442.515876438857,87.5319423407915,-442.515876438857
"149","Unknowns/Bullet 'U'/HS44 - Unknown; Bullet U; Land 6 - Sneox1 - 20x - auto light left image + 20 perc x10 - threshold 2 - resolution 4 - Marco Yepez.dat","Unknowns","Bullet 'U'","Land 6",-17.5643318210151,142.867897605488,5.30494702729188,20.6113889049772,60.5913931428446,36.2565876445941
"150","Unknowns/Bullet 'J'/HS44 - Unknown; Bullet J; Land 3 - Sneox1 - 20x - auto light left image +20 perc. - threshold 2 - resolution 4 - Marco Yepez.dat","Unknowns","Bullet 'J'","Land 3",39.2582649189792,-198.796522746461,-227.782050455068,-198.796522746461,-172.153647849638,-198.796522746461
"151","Barrel 6/Bullet 1/HS44 - Barrel 6 - Bullet 1 - Land 4 - Sneox1 - 20x - auto light left image +20 perc. & x10 - threshold 2 - resolution 4 - Allison Mark.dat","Barrel 6","Bullet 1","Land 4",-16.9135369179828,21.9386419869686,5.43041160250178,-8.00084246440201,26.7948739420946,128.712108893554
"152","Unknowns/Bullet 'T'/HS44 - Unknown; Bullet T; Land 1 - Sneox1 - 20x - auto light left image + 20 perc x10 - threshold 2 - resolution 4 - Connor Hergenreter.dat","Unknowns","Bullet 'T'","Land 1",14.4157109375608,26.2287182599309,1.96713480333841,6.30686377272368,38.3266294300703,42.6422956024099
"153","Barrel 7/Bullet 2/HS44 - Barrel 7 - Bullet 2 - Land 1 -Sneox2 - 20x - auto light left image + 20 perc. - Threshold 2 - Resolution 4 - Connor Hergenreter.dat","Barrel 7","Bullet 2","Land 1",13.6918868574812,0,3.28324075799452,-16.9434344761853,100.855444480083,-3.49622845784885
"154","Barrel 7/Bullet 1/HS44 - Barrel 7; Bullet 1; Land 4 - Sneox1 - 20x - auto light left image +20 perc. - threshold 2 - resolution 4 - Marco Yepez.dat","Barrel 7","Bullet 1","Land 4",87.2911426719266,1044.82872582922,12.2727201987721,2.69576700184316,3.04071139943716,93.1170178529561
"155","Barrel 10/Bullet 1/HS44 - Barrel 10; Bullet 1; Land 5 - Sneox1 - 20x - auto light left image +20 perc. x10- threshold 2 - resolution 4 - Marco Yepez.dat","Barrel 10","Bullet 1","Land 5",-24.744863472276,181.239104843532,2.26968269252129,-3.38478440734514,106.113663511948,23.5993060074852
"156","Unknowns/Bullet 'P'/HS44 - Unknown; Bullet P; Land 6 - Sneox1 - 20x - auto light left image + 20 perc x10 - threshold 2 - resolution 4 - Connor Hergenreter.dat","Unknowns","Bullet 'P'","Land 6",-255.201770914439,-242.879798714732,-771.850024924356,-242.879798714732,-792.221602634384,-242.879798714732
"157","Unknowns/Bullet 'H'/HS44 - Unknown; Bullet H; Land 6 - Sneox1 - 20x - auto light left image +20 perc. - threshold 2 - resolution 4 - Marco Yepez.dat","Unknowns","Bullet 'H'","Land 6",-16.1057835440577,-114.659291129347,2.5421170073709,-246.497226137347,81.5329364216274,-246.497226137347
"158","Barrel 8/Bullet 2/HS44 - Barrel 8 - Bullet 2 - Land 4 - Sneox2 - 20x - auto light left image +20 perc. - threshold 2 - resolution 4 - Connor Hergenreter.dat","Barrel 8","Bullet 2","Land 4",6.7044717230295,-277.342915068547,14.7900127582669,-277.342915068547,65.6822285078467,-277.342915068547
"159","Unknowns/Bullet 'O'/HS44 - Unknown; Bullet O; Land 1 - Sneox1 - 20x - auto light left image + 20 perc x10 - threshold 2 - resolution 4 - Connor Hergenreter.dat","Unknowns","Bullet 'O'","Land 1",128.151895193288,-405.701922821072,84.553816212177,-405.701922821072,35.1163632996685,-405.701922821072
"160","Unknowns/Bullet 'P'/HS44 - Unknown; Bullet P; Land 4 - Sneox1 - 20x - auto light left image + 20 perc x10 - threshold 2 - resolution 4 - Connor Hergenreter.dat","Unknowns","Bullet 'P'","Land 4",-5.92057021877086,0,-0.814936736789267,-0.947654637473882,24.6717768687791,-0.947654637473882
"161","Unknowns/Bullet 'X'/HS44 - Unknown; Bullet X; Land 5 - Sneox1 - 20x - auto light left image + 20 perc x10 - threshold 2 - resolution 4 - Marco Yepez.dat","Unknowns","Bullet 'X'","Land 5",25.5889711070188,51.4762641154521,-1.10016031125034,-0.0654115160790454,-1.10016031125034,-0.0654115160790454
"162","Unknowns/Bullet 'Y'/HS44 - Unknown; Bullet Y; Land 2 - Sneox1 - 20x - auto light left image + 20 perc x10 - threshold 2 - resolution 4 - Marco Yepez.dat","Unknowns","Bullet 'Y'","Land 2",-1149.26383801897,289.697681917403,-319.981546810015,-129.630439692403,-222.219834607388,-6.44884580164617
"163","Barrel 2/Bullet 2/HS44 - Barrel 2 - Bullet 2 - Land 4 - Sneox2 - 20x - auto light left image +20 perc. - threshold 2 - resolution 4 - Connor Hergenreter.dat","Barrel 2","Bullet 2","Land 4",22.0717848591069,1086.61354499273,3.67876951237046,-90.1094313604804,80.8290145096479,1086.61354499273
"164","Unknowns/Bullet 'F'/HS44 - Unknown; Bullet F; Land 1 - Sneox1 - 20x - auto light left image + 20 perc x10 - threshold 2 - resolution 4 - Connor Hergenreter.dat","Unknowns","Bullet 'F'","Land 1",52.9877947827617,64.4954190472737,26.7568846146046,-246.653152496101,79.8292766086171,-100.186409657993
"165","Unknowns/Bullet 'Y'/HS44 - Unknown; Bullet Y; Land 1 - Sneox1 - 20x - auto light left image + 20 perc x10 - threshold 2 - resolution 4 - Marco Yepez.dat","Unknowns","Bullet 'Y'","Land 1",37.2974061923689,1514.69317593825,-0.0162526589576807,144.150309625003,45.6488612589328,60.8942078615435
"166","Barrel 2/Bullet 1/HS44 - Barrel 2 - Bullet 1 - Land 1 - Sneox2 - 20x - auto light left image +20 perc. - threshold 2 - resolution 4 - Connor Hergenreter.dat","Barrel 2","Bullet 1","Land 1",30.0086065275822,1050.3331491118,6.07166209815818,-351.475458792134,91.139065545571,-347.610030244273
"167","Barrel 5/Bullet 2/HS44 - Barrel 5 - Bullet 2 - Land 1 - Sneox2 - 20x - auto light left image +20 perc. - threshold 2 - resolution 4 - Connor Hergenreter.dat","Barrel 5","Bullet 2","Land 1",10.691528728929,-748.834182072563,212.01191274915,-782.737910544222,267.277578700801,-748.834182072563
"168","Barrel 4/Bullet 1/HS44 - Barrel 4; Bullet1; Land 6 - Sneox1 - 20x - auto light left image +20 perc. - threshold 2 - resolution 4 - Allison Mark.dat","Barrel 4","Bullet 1","Land 6",103.317753882756,-135.466230609929,-71.9596251737825,-112.129800120375,-1.83310906437766,-110.04281393016
"169","Unknowns/Bullet 'F'/HS44 - Unknown; Bullet F; Land 4 - Sneox1 - 20x - auto light left image + 20 perc x10 - threshold 2 - resolution 4 - Connor Hergenreter.dat","Unknowns","Bullet 'F'","Land 4",50.8359529385148,-40.6358169155998,-161.276816300571,-40.6358169155998,-161.276816300571,-40.6358169155998
"170","Barrel 9/Bullet 1/HS44 - Barrel 9 - Bullet 1 - Land 6 - Sneox2 - 20x - auto light left image +20 perc. - threshold 2 - resolution 4 - Connor Hergenreter.dat","Barrel 9","Bullet 1","Land 6",-90.3840960429481,115.929447388044,-84.6793024555093,36.0355116951164,-328.903701451986,52.2036726156701
"171","Unknowns/Bullet 'T'/HS44 - Unknown; Bullet T; Land 3 - Sneox1 - 20x - auto light left image + 20 perc x10 - threshold 2 - resolution 4 - Connor Hergenreter.dat","Unknowns","Bullet 'T'","Land 3",-91.488991128902,0,41.6827137858408,3.55358499821538,203.096306344906,3.55358499821538
"172","Unknowns/Bullet 'T'/HS44 - Unknown; Bullet T; Land 2 - Sneox1 - 20x - auto light left image + 20 perc x10 - threshold 2 - resolution 4 - Connor Hergenreter.dat","Unknowns","Bullet 'T'","Land 2",-66.730675149566,195.621529256497,-41.1249816319733,-14.3683245799516,19.8745988178799,0.977210169618088
"173","Barrel 2/Bullet 1/HS44 - Barrel 2 - Bullet 1 - Land 6 - Sneox2 - 20x - auto light left image +20 perc. - threshold 2 - resolution 4 - Connor Hergenreter.dat","Barrel 2","Bullet 1","Land 6",143.471947640042,-78.4520808469789,61.0414728440665,-96.1622278831287,68.8213420122577,-78.4520808469789
"174","Unknowns/Bullet 'O'/HS44 - Unknown; Bullet O; Land 6 - Sneox1 - 20x - auto light left image + 20 perc x10 - threshold 2 - resolution 4 - Connor Hergenreter.dat","Unknowns","Bullet 'O'","Land 6",-563.613851436654,0,-605.309200946454,-9.38407246339679,-605.309200946454,-5.60525321504408
"175","Barrel 2/Bullet 1/HS44 - Barrel 2 - Bullet 1 - Land 5 - Sneox2 - 20x - auto light left image +20 perc. - threshold 2 - resolution 4 - Connor Hergenreter.dat","Barrel 2","Bullet 1","Land 5",-203.653763573253,-223.010012352251,-24.2203685859343,1.18046515094292,-1.96600193907668,-4.73542770145337
"176","Unknowns/Bullet 'Y'/HS44 - Unknown; Bullet Y; Land 4 - Sneox1 - 20x - auto light left image + 20 perc x10 - threshold 2 - resolution 4 - Marco Yepez.dat","Unknowns","Bullet 'Y'","Land 4",19.3583706400633,303.138046379057,8.50498333488576,3.77265656687376,8.50498333488576,56.6794888298611
"177","Unknowns/Bullet 'F'/HS44 - Unknown; Bullet F; Land 5 - Sneox1 - 20x - auto light left image + 20 perc x10 - threshold 2 - resolution 4 - Connor Hergenreter.dat","Unknowns","Bullet 'F'","Land 5",45.887361685934,0,5.60362330062945,-160.942369916154,65.8619281110907,-137.245695718504
"178","Barrel 8/Bullet 2/HS44 - Barrel 8 - Bullet 2 - Land 1 - Sneox2 - 20x - auto light left image +20 perc. - threshold 2 - resolution 4 - Connor Hergenreter.dat","Barrel 8","Bullet 2","Land 1",-108.018127234804,1100.74392309455,-69.6787037633403,1045.38843550516,-27.4061468134455,1100.74392309455
"179","Barrel 6/Bullet 1/HS44 - Barrel 6 - Bullet 1 - Land 2 - Sneox1 - 20x - auto light left image +20 perc. & x10 - threshold 2 - resolution 4 - Allison Mark.dat","Barrel 6","Bullet 1","Land 2",-10.6889734217245,205.390303799881,-1.85452595467595,10.8766028417072,169.872564670551,95.9745342152354
"180","Unknowns/Bullet 'E'/HS44 - Barrel 10; Bullet E; Land 3 - Sneox1 - 20x - auto light left image +20 perc. x10- threshold 2 - resolution 4 - Marco Yepez.dat","Unknowns","Bullet 'E'","Land 3",-100.743054879914,-40.4969175447395,-35.5654094933687,-104.102505336543,133.129843738243,-23.3324306755287
"181","Unknowns/Bullet 'P'/HS44 - Unknown; Bullet P; Land 5 - Sneox1 - 20x - auto light left image + 20 perc x10 - threshold 2 - resolution 4 - Connor Hergenreter.dat","Unknowns","Bullet 'P'","Land 5",14.3248501868244,80.7792782631771,11.2093337960942,0.94482279461227,17.6048395164397,69.4579068267576
"182","Unknowns/Bullet 'L'/HS44 - Unknown; Bullet L; Land 1 - Sneox1 - 20x - auto light left image + 20 perc - threshold 2 - resolution 4 - Connor Hergenreter.dat","Unknowns","Bullet 'L'","Land 1",-19.4732883785742,4.26607463761984,0.836426884846977,-7.06429726309794,11.498111332413,-288.423204335852
"183","Barrel 3/Bullet 1/HS44 - Barrel 3; Bullet 1; Land 3 - Sneox1 - 20x - auto light left image +20 perc. - threshold 2 - resolution 4 - Allison Mark.dat","Barrel 3","Bullet 1","Land 3",-631.681834478395,0,127.06116597816,-0.0161849523783673,476.686179282604,-0.0161849523783673
"184","Barrel 8/Bullet 2/HS44 - Barrel 8 - Bullet 2 - Land 6 - Sneox2 - 20x - auto light left image +20 perc. - threshold 2 - resolution 4 - Connor Hergenreter.dat","Barrel 8","Bullet 2","Land 6",1030.97705079914,-49.7875103197265,976.634085921842,51.2514561376118,365.161569313145,660.267836161153
"185","Unknowns/Bullet 'S'/HS44 - Unknown; Bullet S; Land 6 - Sneox1 - 20x - auto light left image + 20 perc x10 - threshold 2 - resolution 4 - Connor Hergenreter.dat","Unknowns","Bullet 'S'","Land 6",45.1236355169022,163.954409088901,4.60623349828461,250.38119173096,18.7077282937726,232.544445638384
"186","Barrel 3/Bullet 1/HS44 - Barrel 3; Bullet 1; Land 4 - Sneox1 - 20x - auto light left image +20 perc. - threshold 2 - resolution 4 - Allison Mark.dat","Barrel 3","Bullet 1","Land 4",-121.412015275277,1844.37197146034,82.5083715769148,-2.29282035472959,123.310101102493,-2.29282035472959
"187","Unknowns/Bullet 'U'/HS44 - Unknown; Bullet U; Land 3 - Sneox1 - 20x - auto light left image + 20 perc x10 - threshold 2 - resolution 4 - Marco Yepez.dat","Unknowns","Bullet 'U'","Land 3",-119.698191100262,8.0566481290051,-59.5947363144722,19.5737261611818,-22.6358220182411,19.5737261611818
"188","Barrel 1/Bullet 2/HS44 - Barrel 1 - Bullet 2 - Land 2 - Sneox2 - 20x - auto light left image +20 perc. - threshold 2 - resolution 4 - Connor Hergenreter.dat","Barrel 1","Bullet 2","Land 2",-58.11747137372,1983.42082971532,3.71658685286388,-174.564284713079,79.0606812766154,1250.60757661922
"189","Unknowns/Bullet 'K'/HS44 - Unknown; Bullet K; Land 6 - Sneox1 - 20x - auto light left image + 20 perc x10 - threshold 2 - resolution 4 - Connor Hergenreter.dat","Unknowns","Bullet 'K'","Land 6",-164.474422335392,0,-1.05585201994459,-1.91041819813554,422.550534778428,50.4628800920931
"190","Unknowns/Bullet 'H'/HS44 - Unknown; Bullet H; Land 2 - Sneox1 - 20x - auto light left image +20 perc. - threshold 2 - resolution 4 - Marco Yepez.dat","Unknowns","Bullet 'H'","Land 2",-45.5952498103939,131.156648357501,-9.58101605405439,516.828486404877,152.052456391862,478.430528677355
"191","Unknowns/Bullet 'P'/HS44 - Unknown; Bullet P; Land 2 - Sneox1 - 20x - auto light left image + 20 perc x10 - threshold 2 - resolution 4 - Connor Hergenreter.dat","Unknowns","Bullet 'P'","Land 2",-109.500377890364,-1087.77027564044,-4.96380753098358,-70.7449452649214,524.144426389867,-27.4575558462917
"192","Unknowns/Bullet 'T'/HS44 - Unknown; Bullet T; Land 6 - Sneox1 - 20x - auto light left image + 20 perc x10 - threshold 2 - resolution 4 - Connor Hergenreter.dat","Unknowns","Bullet 'T'","Land 6",0,1485.63237980695,-7.0913376554467,0.802861424328805,-2.37148250250415,0.802861424328805
"193","Barrel 4/Bullet 2/HS44 - Barrel 4; Bullet 2; Land 6 - Sneox1 - 20x - auto light left image +20 perc. - threshold 2 - resolution 4 - Allison Mark.dat","Barrel 4","Bullet 2","Land 6",958.674510880752,-65.5687848831807,1.0762410790359,85.8110208734993,1.0762410790359,159.528252274235
"194","Barrel 4/Bullet 1/HS44 - Barrel 4; Bullet1; Land 5 - Sneox1 - 20x - auto light left image +20 perc. - threshold 2 - resolution 4 - Allison Mark.dat","Barrel 4","Bullet 1","Land 5",-23.339826152098,59.3511287132138,0.795565468378465,34.6679312474234,45.5297898825614,4.34037225521573
"195","Unknowns/Bullet 'I'/HS44 - Unknown; Bullet I; Land 5 - Sneox1 - 20x - auto light left image +20 perc. - threshold 2 - resolution 4 - Marco Yepez.dat","Unknowns","Bullet 'I'","Land 5",98.6163269736244,1810.38791354846,64.498844849439,1661.07804051845,4580.67371775792,125.074054099417
"196","Barrel 8/Bullet 1/HS44 - Barrel 8 - Bullet 1 - Land 5 - Sneox2 - 20x - auto light left image +20 perc. - threshold 2 - resolution 4 - Connor Hergenreter.dat","Barrel 8","Bullet 1","Land 5",-138.698961939337,-703.14623494295,12.831662105735,-2082.5761126324,7623.62421014354,-2082.5761126324
"197","Unknowns/Bullet 'G'/HS44 - Unknown; Bullet G; Land 5 - Sneox1 - 20x - auto light left image + 20 perc x10 - threshold 2 - resolution 4 - Connor Hergenreter.dat","Unknowns","Bullet 'G'","Land 5",-29.8660774814682,-114.40531306645,2.38521129514806,1026.91195006988,125.110711704186,1026.91195006988
"198","Barrel 4/Bullet 2/HS44 - Barrel 4; Bullet 2; Land 2 - Sneox1 - 20x - auto light left image +20 perc. - threshold 2 - resolution 4 - Allison Mark.dat","Barrel 4","Bullet 2","Land 2",-1.9951711008605,2171.70564541658,12.9426271188182,1.34608491023702,65.1772545962231,1.34608491023702
"199","Barrel 1/Bullet 2/HS44 - Barrel 1 - Bullet 2 - Land 3 - Sneox2 - 20x - auto light left image +20 perc. - threshold 2 - resolution 4 - Connor Hergenreter.dat","Barrel 1","Bullet 2","Land 3",-6.21503318774608,-380.618852717796,-4.45558601123839,-72.8960234304016,2.65683911057667,-68.6502020568335
"200","Unknowns/Bullet 'L'/HS44 - Unknown; Bullet L; Land 6 - Sneox1 - 20x - auto light left image + 20 perc - threshold 2 - resolution 4 - Connor Hergenreter.dat","Unknowns","Bullet 'L'","Land 6",58.3297721902188,176.36258327342,14.3117318782702,-6.1186194702527,4.90729522352886,5.17142578392117
"201","Barrel 5/Bullet 2/HS44 - Barrel 5 - Bullet 2 - Land 6 - Sneox2 - 20x - auto light left image +20 perc. - threshold 2 - resolution 4 - Connor Hergenreter.dat","Barrel 5","Bullet 2","Land 6",13.4387342026103,-180.300904665249,4.50155319583606,-185.05289209735,24.0765191462704,-180.300904665249
"202","Unknowns/Bullet 'J'/HS44 - Unknown; Bullet J; Land 1 - Sneox1 - 20x - auto light left image +20 perc. - threshold 2 - resolution 4 - Marco Yepez.dat","Unknowns","Bullet 'J'","Land 1",-83.8647642922615,178.928944700929,-19.8867522012675,-33.5654599388583,-7.13578077394289,21.2253640322019
"203","Barrel 9/Bullet 2/HS44 - Barrel 9 - Bullet 2 - Land 6 - Sneox2 - 20x - auto light left image +20 perc. - threshold 2 - resolution 4 - Connor Hergenreter.dat","Barrel 9","Bullet 2","Land 6",-0.347205258721424,-243.082564246227,329.375372111139,-274.198287584281,345.574660118421,-243.082564246227
"204","Barrel 8/Bullet 1/HS44 - Barrel 8 - Bullet 1 - Land 2 - Sneox2 - 20x - auto light left image +20 perc. - threshold 2 - resolution 4 - Connor Hergenreter.dat","Barrel 8","Bullet 1","Land 2",-17.6310649328971,31.616477540129,7.4529002050323,-27.3128246433874,3064.99153438354,-14.8090581367752
"205","Unknowns/Bullet 'S'/HS44 - Unknown; Bullet S; Land 4 - Sneox1 - 20x - auto light left image + 20 perc x10 - threshold 2 - resolution 4 - Connor Hergenreter.dat","Unknowns","Bullet 'S'","Land 4",13.2671303198593,2.51302847352882,7.99383025848191,-0.220829572416669,30.4698884610436,2.51302847352882
"206","Barrel 1/Bullet 2/HS44 - Barrel 1 - Bullet 2 - Land 6 - Sneox2 - 20x - auto light left image +20 perc. - threshold 2 - resolution 4 - Connor Hergenreter.dat","Barrel 1","Bullet 2","Land 6",-42.6054782455721,-709.593195869926,19.3606610927486,-755.949048092705,67.1911048857015,-724.923542635958
"207","Barrel 1/Bullet 2/HS44 - Barrel 1 - Bullet 2 - Land 4 - Sneox2 - 20x - auto light left image +20 perc. - threshold 2 - resolution 4 - Connor Hergenreter.dat","Barrel 1","Bullet 2","Land 4",43.3666376465719,2031.26989757068,14.1796187970455,2108.63242015231,88.5875754063401,2031.26989757068
"208","Barrel 5/Bullet 1/HS44 - Barrel 5 - Bullet 1 - Land 6 - Sneox2 - 20x - auto light left image +20 perc. - threshold 2 - resolution 4 - Connor Hergenreter.dat","Barrel 5","Bullet 1","Land 6",7.96285703458001,-30.3189241314769,0.645638262888628,-418.38017607817,90.0000912981175,-343.362943216567
